MiracleRadius_composition_average,SecondIonizationEnergy_min_value,Density_composition_average,IsMetal_composition_average,ThirdIonizationEnergy_min_value,MiracleRadius_max_value,NpValence_composition_average
209.3333333333333,18.6,3101.333333333333,0.6666666666666666,27.96,244.0,1.3333333333333333
52.333333333333336,16.908,2885.476,0.3333333333333333,37.48,157.0,3.333333333333333
44.0,15.64,5783.333333333334,0.3333333333333333,33.0,132.0,3.333333333333333
129.5,11.059,3073.6255,0.5,19.174,187.0,1.5
44.0,15.64,2491.1306666666665,0.3333333333333333,33.667,132.0,3.333333333333333
72.0,19.131,7715.0,0.5,33.0,144.0,2.5
200.0,18.6,2650.6666666666665,0.6666666666666666,27.96,230.0,1.3333333333333333
174.66666666666669,31.625,571.1429999999999,0.6666666666666666,45.72,230.0,1.3333333333333333
163.0,10.004,2735.0,0.5,34.83,223.0,2.0
166.66666666666666,18.6,2725.333333333333,0.6666666666666666,27.96,180.0,1.3333333333333333
136.5,14.632,6064.5,0.5,30.502,155.0,3.0
152.0,11.871,1755.0,0.5,34.83,201.0,2.0
148.0,18.6,2436.6666666666665,0.6666666666666666,27.96,152.0,1.3333333333333333
121.33333333333334,13.13,3477.0,0.3333333333333333,22.99,158.0,2.6666666666666665
192.66666666666669,21.19,2177.0,0.6666666666666666,30.82,230.0,1.3333333333333333
115.33333333333334,16.345,3989.333333333333,0.0,30.82,118.0,3.333333333333333
131.5,15.035,1849.0,0.5,34.83,160.0,2.0
52.333333333333336,16.908,6176.666666666667,0.3333333333333333,33.0,157.0,3.333333333333333
52.333333333333336,16.908,4963.333333333334,0.3333333333333333,36.0,157.0,3.333333333333333
125.5,12.24,2236.6255,0.5,20.52,179.0,1.5
50.66666666666666,18.759,4512.464,0.3333333333333333,34.202,152.0,3.333333333333333
109.5,14.632,3655.7145,0.5,30.502,155.0,3.0
80.0,25.154,1230.6255,0.0,37.93,88.0,2.0
89.0,18.563,7030.952666666667,0.3333333333333333,54.934,139.0,2.6666666666666665
187.66666666666669,23.33,1224.0,0.6666666666666666,34.83,230.0,1.3333333333333333
107.5,18.211,1904.0,0.5,34.83,112.0,2.0
53.333333333333336,15.035,3872.666666666667,0.3333333333333333,33.0,160.0,3.333333333333333
122.0,21.8,2326.0,0.5,36.0,244.0,2.5
44.66666666666666,14.65,2038.8093333333331,0.3333333333333333,29.31,134.0,3.333333333333333
154.33333333333334,23.33,1298.6666666666667,0.6666666666666666,34.83,180.0,1.3333333333333333
53.333333333333336,15.035,581.476,0.3333333333333333,39.611,160.0,3.333333333333333
115.0,18.563,8336.666666666666,0.3333333333333333,34.83,139.0,2.6666666666666665
117.0,10.004,1170.9526666666666,0.3333333333333333,54.934,223.0,2.6666666666666665
141.33333333333334,35.117,645.8096666666667,0.6666666666666666,54.934,180.0,1.3333333333333333
125.0,18.563,10242.666666666666,0.3333333333333333,30.82,139.0,2.6666666666666665
100.33333333333334,18.211,1985.3333333333333,0.6666666666666666,47.887,112.0,0.6666666666666666
44.0,15.64,4570.0,0.3333333333333333,33.667,132.0,3.333333333333333
140.66666666666666,21.19,1963.0,0.6666666666666666,30.82,152.0,1.3333333333333333
70.66666666666667,11.03,878.8093333333333,0.3333333333333333,39.611,212.0,3.333333333333333
89.0,18.563,7030.952666666667,0.3333333333333333,54.934,139.0,2.6666666666666665
52.333333333333336,16.908,2884.464,0.3333333333333333,37.48,157.0,3.333333333333333
132.0,29.601,401.56275,0.75,47.448,152.0,0.75
80.0,25.154,1230.6255,0.0,37.93,88.0,2.0
159.33333333333334,21.19,2251.6666666666665,0.6666666666666666,30.82,180.0,1.3333333333333333
99.0,29.601,242.93825,0.25,47.448,180.0,2.25
92.0,29.601,134.68825,0.25,47.448,152.0,2.25
93.5,16.345,2295.0,0.0,33.492,110.0,2.0
88.0,18.211,924.7145,0.5,54.934,112.0,2.0
80.0,25.154,1230.6255,0.0,37.93,88.0,2.0
103.0,20.51,2952.6255,0.5,30.71,134.0,2.0
95.0,19.725,2141.5,0.0,30.18,102.0,2.0
72.0,19.131,7715.0,0.5,33.0,144.0,2.5
158.0,15.035,3721.6,1.0,25.3,160.0,1.2
150.0,15.035,3989.0,0.5,27.96,160.0,2.0
120.33333333333334,16.18,5837.333333333333,0.3333333333333333,30.651,125.0,2.6666666666666665
110.33333333333334,16.18,3931.333333333333,0.3333333333333333,30.651,125.0,2.6666666666666665
148.5,16.908,7445.0,0.5,27.96,157.0,2.0
42.0,18.168,2970.464,0.3333333333333333,35.17,126.0,3.333333333333333
80.0,25.154,1230.6255,0.0,37.93,88.0,2.0
105.33333333333334,16.345,2083.333333333333,0.0,33.492,110.0,3.333333333333333
122.0,19.131,3236.0,0.5,33.0,244.0,2.5
115.0,16.461,4733.333333333333,0.3333333333333333,27.16,139.0,2.6666666666666665
135.66666666666666,23.33,1010.0,0.6666666666666666,34.83,152.0,1.3333333333333333
122.0,23.81,767.607,0.5,39.611,244.0,2.5
159.5,11.871,3184.5,0.5,30.82,201.0,2.0
111.5,29.601,214.93825,0.25,45.72,230.0,2.25
132.0,29.601,401.56275,0.75,47.448,152.0,0.75
90.0,19.131,2954.0,0.5,33.0,180.0,2.5
130.0,16.908,5305.0,0.5,34.83,157.0,2.0
157.5,11.03,2295.0,0.5,34.83,212.0,2.0
102.0,17.964,3570.7145,0.5,39.722,140.0,2.0
203.5,20.521,10589.5,1.0,0.0,264.0,0.0
137.5,16.908,6734.5,0.5,30.82,157.0,2.0
53.333333333333336,15.035,581.476,0.3333333333333333,39.611,160.0,3.333333333333333
139.0,15.035,3278.5,0.5,30.82,160.0,2.0
90.0,21.8,2044.0,0.5,36.0,180.0,2.5
170.5,11.871,3895.0,0.5,27.96,201.0,2.0
197.0,23.33,1674.6666666666667,0.6666666666666666,34.83,244.0,1.3333333333333333
67.0,11.871,518.8093333333333,0.3333333333333333,39.611,201.0,3.333333333333333
70.66666666666667,11.03,876.7266,0.3333333333333333,43.6,212.0,0.0
67.0,11.871,516.7266,0.3333333333333333,50.908,201.0,0.0
120.0,25.1,470.68825,0.25,47.448,264.0,2.25
108.0,35.117,268.2145,0.5,54.934,152.0,2.0
93.5,16.345,2295.0,0.0,33.492,110.0,2.0
53.333333333333336,15.035,579.3932666666667,0.3333333333333333,80.143,160.0,0.0
115.0,27.28,383.93825,0.25,40.0,244.0,2.25
18.0,29.601,0.380175,0.0,47.448,72.0,0.75
71.5,20.521,9651.607,0.5,39.611,143.0,2.5
139.5,19.725,857.0,0.75,30.18,152.0,0.75
74.33333333333333,10.004,1170.0599333333332,0.3333333333333333,0.0,223.0,0.0
88.4,16.18,3150.4574,0.4,30.651,125.0,2.4
22.0,19.131,4320.0,0.0,33.0,88.0,4.0
67.0,11.871,518.8093333333333,0.3333333333333333,39.611,201.0,3.333333333333333
34.0,19.131,3901.0,0.0,30.18,102.0,4.333333333333334
46.66666666666666,17.964,2382.142666666666,0.3333333333333333,39.611,140.0,3.333333333333333
95.33333333333331,14.925,4437.619333333334,0.3333333333333333,23.32,158.0,2.6666666666666665
94.5,17.06,4450.7145,0.5,33.5,125.0,2.0
183.5,23.33,1919.5,0.5,34.83,264.0,2.0
127.5,18.759,7747.0,0.5,34.202,152.0,2.0
113.66666666666669,23.33,7723.333333333334,0.3333333333333333,34.83,135.0,2.6666666666666665
93.5,16.345,2295.0,0.0,33.492,110.0,2.0
123.66666666666669,21.19,9629.333333333334,0.3333333333333333,30.82,135.0,2.6666666666666665
184.66666666666663,16.53,4975.333333333334,1.0,25.3,244.0,2.0
130.5,20.521,12059.5,0.5,30.82,143.0,2.0
63.0,20.292,6020.0,0.5,36.0,126.0,2.5
129.0,16.908,6701.333333333334,1.0,28.351,157.0,2.0
140.28571428571428,18.6,5228.571428571428,0.2857142857142857,27.96,141.0,3.142857142857143
173.5,23.33,1746.0,0.5,34.83,244.0,2.0
139.66666666666666,16.461,7586.666666666666,0.3333333333333333,27.16,140.0,2.6666666666666665
41.66666666666666,17.06,2967.797333333333,0.3333333333333333,33.5,125.0,3.333333333333333
118.0,19.725,3863.5,0.5,30.18,134.0,2.0
140.0,17.964,6690.0,0.5,27.96,140.0,2.0
67.0,11.871,2596.6666666666665,0.3333333333333333,36.0,201.0,3.333333333333333
125.0,16.461,6639.333333333333,0.3333333333333333,27.16,139.0,2.6666666666666665
41.66666666666666,16.18,2625.797333333333,0.3333333333333333,30.651,125.0,3.333333333333333
46.66666666666666,17.964,2381.1306666666665,0.3333333333333333,39.722,140.0,3.333333333333333
121.5,18.828,2261.5,0.5,28.447,141.0,2.0
129.0,17.964,5979.5,0.5,30.82,140.0,2.0
52.333333333333336,16.908,6176.666666666667,0.3333333333333333,33.0,157.0,3.333333333333333
128.0,18.633,4213.5,1.0,28.351,141.0,2.0
113.57142857142856,18.828,2511.428571428572,0.5714285714285714,28.447,141.0,1.4285714285714284
22.0,16.345,467.3568,0.0,33.492,110.0,4.4
115.33333333333334,19.63,5223.0,0.3333333333333333,30.18,142.0,2.0
143.0,10.004,2476.666666666667,0.3333333333333333,34.83,223.0,2.6666666666666665
44.66666666666666,14.65,2037.7973333333332,0.3333333333333333,29.31,134.0,3.333333333333333
14.714285714285714,23.33,281.4537142857143,0.0,34.83,103.0,4.857142857142857
121.5,17.964,4550.0,0.5,34.83,140.0,2.0
42.0,18.168,2970.464,0.3333333333333333,35.17,126.0,3.333333333333333
99.0,29.601,242.93825,0.25,47.448,180.0,2.25
37.333333333333336,18.211,618.1426666666666,0.3333333333333333,39.611,112.0,3.333333333333333
110.0,19.725,4188.666666666667,0.3333333333333333,30.18,126.0,2.0
108.0,15.64,2952.4,0.2,30.18,132.0,2.4
0.0,23.81,2.455,0.0,39.611,0.0,5.0
71.5,20.521,11210.0,0.5,36.0,143.0,2.5
44.75,12.24,1120.4105,0.25,20.52,179.0,3.75
159.39999999999998,23.33,1788.8,0.4,34.83,244.0,2.4
168.39999999999998,21.19,3504.2,0.4,30.82,244.0,2.4
176.39999999999998,21.19,3643.0,0.4,30.82,264.0,2.4
94.8,18.828,1080.8574,0.4,28.447,141.0,2.8
79.33333333333333,16.345,777.6193333333333,0.0,33.492,110.0,3.333333333333333
79.33333333333333,16.345,777.6193333333333,0.0,33.492,110.0,3.333333333333333
34.0,21.8,7980.0,0.25,36.0,136.0,3.75
133.0,10.004,2347.5,0.25,34.83,223.0,3.0
27.8,18.563,4219.3568,0.2,62.707,139.0,4.0
146.66666666666666,15.035,4739.333333333333,0.3333333333333333,27.96,160.0,2.6666666666666665
19.166666666666668,18.633,955.9133333333332,0.1666666666666666,28.351,115.0,4.666666666666667
51.5,21.8,2540.0,0.0,34.83,103.0,4.5
33.0,18.08,3113.772,0.25,31.06,132.0,3.75
153.2,19.725,1436.1999999999998,0.4,30.18,230.0,1.8
178.0,11.03,2530.0,0.6666666666666666,33.492,212.0,0.6666666666666666
74.33333333333333,10.004,4463.333333333334,0.3333333333333333,33.0,223.0,3.333333333333333
141.5,23.33,1464.0,0.5,34.83,180.0,2.0
83.0,18.6,1561.07175,0.0,27.96,140.0,4.0
38.75,18.869,1828.772,0.25,28.03,155.0,4.0
17.0,19.725,305.24666666666667,0.0,30.18,102.0,4.666666666666667
46.75,11.059,1538.9105,0.25,19.174,187.0,3.75
38.75,14.632,1828.772,0.25,30.502,155.0,4.25
46.75,11.059,3876.5,0.25,19.174,187.0,3.75
59.0,21.19,3969.5,0.0,30.82,118.0,4.5
35.25,18.828,677.4105,0.25,28.447,141.0,4.0
37.333333333333336,18.211,617.1306666666667,0.3333333333333333,62.707,112.0,3.333333333333333
124.4,20.51,5253.0,0.4,30.71,134.0,2.8
89.33333333333333,17.964,2380.9526666666666,0.3333333333333333,39.722,140.0,2.6666666666666665
117.5,16.18,5102.0,0.5,30.651,125.0,1.0
79.33333333333333,16.345,777.6193333333333,0.0,33.492,110.0,3.333333333333333
113.33333333333334,16.76,5430.0,0.3333333333333333,28.47,134.0,2.6666666666666665
68.33333333333333,24.383,754.2860000000001,0.0,47.887,77.0,3.333333333333333
35.25,18.828,676.272,0.25,28.447,141.0,4.0
0.0,21.8,781.272,0.0,36.0,0.0,5.0
66.66666666666666,29.601,1.3696666666666666,0.0,47.448,72.0,3.6666666666666665
86.66666666666666,15.64,2490.9526666666666,0.3333333333333333,33.667,132.0,2.6666666666666665
31.25,16.18,1969.772,0.25,30.651,125.0,3.75
38.75,16.53,1675.522,0.25,25.3,155.0,4.5
33.0,18.08,5452.5,0.25,31.06,132.0,3.75
90.4,16.5,2856.8574,0.4,30.96,130.0,2.4
22.0,16.345,466.07192,0.0,33.492,110.0,0.4
93.57142857142856,10.004,502.5008571428572,0.1428571428571428,47.448,223.0,2.571428571428572
66.28571428571429,29.601,1.3781428571428571,0.0,47.448,72.0,3.7142857142857135
147.5,16.53,7247.75,1.0,25.3,155.0,2.25
90.0,19.725,2369.0,0.0,30.18,102.0,1.2857142857142856
91.85714285714286,18.633,2926.7142857142853,0.1428571428571428,28.351,115.0,1.2857142857142856
88.28571428571429,16.345,999.2862857142856,0.0,33.492,110.0,2.571428571428571
93.14285714285714,15.64,3202.245142857143,0.4285714285714285,33.667,132.0,2.2857142857142856
84.0,14.65,1746.735,0.2857142857142857,29.31,134.0,2.857142857142857
40.5,16.687,2446.272,0.25,25.559,162.0,4.5
84.57142857142857,25.154,2108.7755714285718,0.0,37.93,88.0,1.4285714285714284
84.4,18.633,2291.6574,0.4,28.351,115.0,3.6
28.75,18.633,1433.022,0.25,28.351,115.0,4.5
73.6,25.154,984.8574,0.0,37.93,88.0,2.8
114.33333333333334,18.563,8245.333333333334,0.3333333333333333,30.18,139.0,2.0
58.0,15.028,3782.142666666666,0.3333333333333333,31.943,174.0,4.0
79.33333333333333,16.345,777.6193333333333,0.0,33.492,110.0,3.333333333333333
141.5,23.33,1464.0,0.5,34.83,180.0,2.0
141.0,19.725,1395.5,0.5,30.18,180.0,1.5
51.66666666666666,14.632,2437.797333333333,0.3333333333333333,30.502,155.0,4.0
95.33333333333331,13.13,2171.286,0.3333333333333333,22.99,158.0,2.6666666666666665
43.0,20.428,2963.772,0.25,29.829,172.0,4.0
99.375,29.601,6244.531875,0.375,47.448,145.0,1.875
106.6,16.18,3033.2,0.2,30.18,125.0,2.4
79.33333333333333,16.345,777.6193333333333,0.0,33.492,110.0,3.333333333333333
116.0,19.63,5314.333333333333,0.3333333333333333,32.93,142.0,2.6666666666666665
173.5,23.33,1746.0,0.5,34.83,244.0,2.0
151.5,11.871,1686.5,0.5,30.18,201.0,1.5
40.5,16.687,2447.4105,0.25,25.559,162.0,4.5
34.75,16.461,4910.0,0.25,27.16,139.0,3.75
181.0,21.19,3175.5,0.5,30.82,244.0,2.0
28.75,18.633,1434.1605,0.25,28.351,115.0,4.5
126.0,20.51,5361.5,0.5,30.71,134.0,2.5
51.66666666666666,14.632,2437.797333333333,0.3333333333333333,30.502,155.0,4.0
31.6,14.925,2664.5712,0.2,23.32,158.0,4.0
120.33333333333334,14.632,3743.333333333333,0.3333333333333333,30.502,155.0,3.333333333333333
22.8,15.934,1065.9568,0.0,34.22,114.0,4.4
108.0,18.759,6767.7145,0.5,34.202,152.0,2.0
19.857142857142858,16.461,1470.025142857143,0.1428571428571428,27.16,139.0,4.285714285714286
112.75,13.58,2596.75,0.25,27.491,142.0,3.0
121.5,17.964,4550.0,0.5,34.83,140.0,2.0
192.0,18.6,3886.0,0.5,27.96,244.0,2.0
28.0,18.6,1249.3568,0.0,27.96,140.0,4.8
123.33333333333334,16.76,7336.0,0.3333333333333333,28.47,134.0,2.6666666666666665
25.5,19.725,458.1605,0.0,30.18,102.0,4.5
118.5,20.51,3932.0,0.5,30.71,134.0,2.5
126.0,19.63,7220.333333333333,0.3333333333333333,30.82,142.0,2.6666666666666665
25.5,19.131,4160.75,0.0,30.18,102.0,4.5
166.0,19.725,1339.5,0.5,30.18,230.0,1.5
38.0,15.934,1775.464,0.0,34.22,114.0,4.0
185.0,18.6,3548.0,0.5,27.96,230.0,2.0
114.83333333333331,12.24,2264.5,0.1666666666666666,20.52,179.0,2.5
121.5,17.964,4550.0,0.5,34.83,140.0,2.0
33.5,20.51,1477.272,0.25,30.71,134.0,4.0
40.5,12.8,747.522,0.25,24.76,162.0,3.75
53.333333333333336,15.035,2659.333333333333,0.3333333333333333,36.0,160.0,3.333333333333333
27.0,23.81,4520.5712,0.2,39.611,135.0,4.0
124.33333333333334,21.19,10219.333333333334,0.3333333333333333,30.82,137.0,2.6666666666666665
170.5,10.004,4164.5,0.5,30.82,223.0,2.0
184.0,27.28,1021.8096666666668,0.6666666666666666,40.0,244.0,1.3333333333333333
37.333333333333336,18.211,3909.3333333333335,0.3333333333333333,33.0,112.0,3.333333333333333
67.0,11.871,2596.6666666666665,0.3333333333333333,36.0,201.0,3.333333333333333
150.0,15.035,3989.0,0.5,27.96,160.0,2.0
165.0,11.03,3724.5,0.5,30.82,212.0,2.0
118.5,20.51,3932.0,0.5,30.71,134.0,2.5
86.0,20.428,5925.848,0.5,29.829,172.0,3.0
93.5,16.345,2295.0,0.0,33.492,110.0,2.0
113.0,14.32,3612.5,0.25,25.04,143.0,3.0
93.5,16.345,2295.0,0.0,33.492,110.0,2.0
23.6,21.19,965.1568,0.0,30.82,118.0,4.8
121.5,17.964,4550.0,0.5,34.83,140.0,2.0
115.4,20.51,3537.6,0.4,30.71,134.0,2.8
153.8,23.33,1518.4,0.4,34.83,230.0,2.4
170.66666666666666,11.871,1810.0,0.6666666666666666,33.492,201.0,0.6666666666666666
31.25,16.18,1969.772,0.25,30.651,125.0,3.75
38.75,16.53,1676.6605,0.25,25.3,155.0,4.5
132.8,16.53,5570.200000000001,0.4,25.3,155.0,3.6
50.66666666666666,18.759,4513.476,0.3333333333333333,34.202,152.0,3.333333333333333
84.4,18.633,2291.6574,0.4,28.351,115.0,3.6
124.0,15.035,4929.200000000001,1.0,28.351,160.0,2.4
46.66666666666666,17.964,2382.142666666666,0.3333333333333333,39.611,140.0,3.333333333333333
19.166666666666668,18.633,957.1783333333332,0.1666666666666666,28.351,115.0,4.666666666666667
121.5,17.964,4550.0,0.5,34.83,140.0,2.0
114.6,18.08,6156.0,0.4,31.06,132.0,2.4
52.333333333333336,16.908,6176.666666666667,0.3333333333333333,33.0,157.0,3.333333333333333
172.5,18.633,3291.5,1.0,28.351,230.0,1.5
121.5,17.964,4550.0,0.5,34.83,140.0,2.0
22.0,23.81,617.4105,0.0,37.93,88.0,4.0
129.0,18.869,4635.0,0.5,28.03,155.0,2.5
46.66666666666666,17.964,2381.1306666666665,0.3333333333333333,39.722,140.0,3.333333333333333
176.0,11.03,4435.0,0.5,27.96,212.0,2.0
115.0,18.211,3333.5,0.5,30.82,118.0,2.0
126.0,18.211,4044.0,0.5,27.96,140.0,2.0
108.0,18.759,6767.7145,0.5,34.202,152.0,2.0
131.33333333333334,13.13,5383.0,0.3333333333333333,22.99,158.0,2.6666666666666665
202.0,21.19,2627.6666666666665,0.6666666666666666,30.82,244.0,1.3333333333333333
132.25,10.004,2244.75,0.25,30.18,223.0,2.25
37.333333333333336,18.211,2696.0,0.3333333333333333,36.0,112.0,3.333333333333333
193.5,20.521,10416.0,1.0,40.0,244.0,0.0
86.0,20.428,5925.848,0.5,29.829,172.0,3.0
93.5,16.345,2295.0,0.0,33.492,110.0,2.0
94.33333333333331,14.632,2437.619333333333,0.3333333333333333,30.502,155.0,3.333333333333333
32.5,16.5,1787.4105,0.25,30.96,130.0,3.75
80.66666666666666,15.934,1775.2859999999998,0.0,34.22,114.0,3.333333333333333
19.285714285714285,21.8,5424.285714285714,0.1428571428571428,36.0,135.0,4.285714285714286
0.0,21.8,521.4133333333333,0.0,36.0,0.0,5.0
19.285714285714285,23.81,2752.754857142857,0.1428571428571428,39.611,135.0,4.285714285714286
80.66666666666666,15.934,1775.2859999999998,0.0,34.22,114.0,3.333333333333333
152.75,16.53,2075.5,1.0,25.3,155.0,0.75
120.33333333333334,16.908,4098.666666666667,0.3333333333333333,30.18,157.0,2.0
86.66666666666666,15.64,2490.9526666666666,0.3333333333333333,33.667,132.0,2.6666666666666665
142.75,18.633,1833.0,1.0,28.351,152.0,0.75
90.0,13.58,1503.2859999999998,0.3333333333333333,27.491,142.0,2.6666666666666665
121.5,17.964,4550.0,0.5,34.83,140.0,2.0
201.25,18.633,2073.75,1.0,28.351,230.0,0.75
22.0,21.8,2955.0,0.0,36.0,88.0,4.0
118.33333333333334,16.18,6442.666666666666,1.0,28.351,125.0,2.0
167.66666666666666,10.004,5330.0,0.3333333333333333,27.96,223.0,2.6666666666666665
152.75,16.53,2075.5,1.0,25.3,155.0,0.75
136.5,18.869,6064.5,0.5,28.03,155.0,2.5
28.6,14.32,1716.5712,0.2,25.04,143.0,4.0
158.8,19.725,1706.6,0.4,30.18,244.0,1.8
173.75,16.53,2400.25,1.0,25.3,180.0,0.75
38.75,18.869,4167.5,0.25,28.03,155.0,4.0
34.75,16.461,2571.272,0.25,27.16,139.0,3.75
32.5,16.5,1787.4105,0.25,30.96,130.0,3.75
28.4,19.63,2405.9568,0.2,32.93,142.0,4.0
102.4,15.035,2315.6,0.2,37.93,160.0,0.8
93.5,16.345,2295.0,0.0,33.492,110.0,2.0
90.0,15.934,2282.000571428571,0.0,34.22,114.0,2.571428571428571
115.44444444444446,10.004,2010.4444444444443,0.1111111111111111,30.18,223.0,2.6666666666666665
79.33333333333333,16.345,777.6193333333333,0.0,33.492,110.0,3.333333333333333
157.0,11.03,2226.5,0.5,30.18,212.0,1.5
116.75,14.925,4797.5,0.25,23.32,158.0,3.0
172.0,11.871,2807.6666666666665,0.6666666666666666,34.22,201.0,0.6666666666666666
148.5,16.908,7445.0,0.5,27.96,157.0,2.0
90.0,47.286,484.04495,0.5,71.641,180.0,0.0
130.33333333333334,21.49,7646.666666666666,0.6666666666666666,34.83,144.0,1.3333333333333333
31.25,16.18,1969.772,0.25,30.651,125.0,3.75
58.0,15.028,5860.0,0.3333333333333333,31.943,174.0,4.0
184.0,27.28,1021.8096666666668,0.6666666666666666,40.0,244.0,1.3333333333333333
109.66666666666666,16.18,3840.0,0.3333333333333333,30.18,125.0,2.0
44.0,15.64,2491.1306666666665,0.3333333333333333,33.667,132.0,3.333333333333333
81.33333333333333,27.28,511.79733333333337,0.3333333333333333,40.0,244.0,3.333333333333333
115.0,31.625,428.04495,0.5,45.72,230.0,0.0
198.0,19.725,1097.75,0.75,30.18,230.0,0.75
98.0,15.64,3735.7145,0.5,33.667,132.0,2.0
0.0,23.81,1.65195,0.0,39.611,0.0,2.5
147.0,31.625,428.7145,0.5,45.72,230.0,2.0
44.75,12.24,3458.0,0.25,20.52,179.0,3.75
109.66666666666666,11.871,517.6193333333333,0.3333333333333333,50.908,201.0,2.6666666666666665
121.5,17.964,4550.0,0.5,34.83,140.0,2.0
53.333333333333336,15.035,579.3932666666667,0.3333333333333333,80.143,160.0,0.0
122.0,27.28,766.04495,0.5,40.0,244.0,0.0
115.33333333333334,16.345,3989.333333333333,0.0,30.82,118.0,3.333333333333333
211.25,16.53,2316.25,1.0,25.3,230.0,0.75
126.6,12.8,2370.0,0.4,24.76,162.0,2.4
0.0,19.131,4030.0,0.0,33.0,0.0,5.0
118.5,20.51,3932.0,0.5,30.71,134.0,2.5
137.6,18.6,6105.6,0.4,27.96,140.0,2.8
63.0,19.131,6930.0,0.5,33.0,126.0,2.5
0.0,19.131,1237.4105,0.0,33.0,0.0,5.0
33.0,18.08,3114.9105,0.25,31.06,132.0,3.75
95.0,18.168,4454.7145,0.5,35.17,126.0,2.0
126.0,20.51,5361.5,0.5,30.71,134.0,2.5
35.25,18.828,675.067425,0.25,28.447,141.0,0.25
52.333333333333336,16.908,4963.333333333334,0.3333333333333333,36.0,157.0,3.333333333333333
115.4,20.51,3537.6,0.4,30.71,134.0,2.8
122.0,27.28,766.848,0.5,40.0,244.0,2.5
86.0,20.428,5925.848,0.5,29.829,172.0,3.0
94.5,17.06,4450.7145,0.5,33.5,125.0,2.0
52.333333333333336,16.908,4963.333333333334,0.3333333333333333,36.0,157.0,3.333333333333333
121.5,17.964,4550.0,0.5,34.83,140.0,2.0
71.5,19.131,12120.0,0.5,33.0,143.0,2.5
109.5,14.632,3655.7145,0.5,30.502,155.0,3.0
34.0,23.81,5642.4105,0.25,39.611,136.0,3.75
71.6,12.24,1790.7284,0.4,20.52,179.0,3.0
89.0,18.563,7030.952666666667,0.3333333333333333,54.934,139.0,2.6666666666666665
149.0,21.19,2893.5,0.5,30.82,180.0,2.0
127.2,18.828,3971.4,0.4,28.447,141.0,2.8
154.5,16.687,2846.25,1.0,25.559,162.0,0.75
113.0,16.908,3188.4,0.2,30.18,157.0,2.4
93.5,16.345,2295.0,0.0,33.492,110.0,2.0
166.6,18.633,4049.0,1.0,28.351,244.0,1.8
37.333333333333336,18.211,617.1306666666667,0.3333333333333333,62.707,112.0,3.333333333333333
128.0,14.925,6941.75,0.25,23.32,158.0,3.0
144.25,10.004,4491.75,0.25,30.82,223.0,3.0
79.33333333333333,16.345,777.6193333333333,0.0,33.492,110.0,3.333333333333333
84.4,18.633,2291.6574,0.4,28.351,115.0,3.6
108.33333333333334,18.633,3634.222222222223,0.4444444444444444,28.351,115.0,3.555555555555556
125.57142857142856,12.8,2674.285714285714,0.5714285714285714,24.76,162.0,0.8571428571428571
122.0,18.633,11338.0,1.0,28.351,136.0,2.0
83.25,19.725,684.406875,0.0,30.18,102.0,3.0
153.85714285714286,10.004,2546.0,0.4285714285714285,30.18,223.0,1.7142857142857142
107.57142857142858,14.632,3133.572,0.4285714285714285,30.502,155.0,2.571428571428571
148.66666666666666,16.53,11984.666666666668,1.0,25.3,155.0,2.0
37.142857142857146,16.5,2041.2114285714283,0.2857142857142857,30.96,130.0,3.571428571428572
46.333333333333336,18.563,7032.142666666667,0.3333333333333333,39.611,139.0,3.333333333333333
0.0,23.81,2.0755,0.0,39.611,0.0,5.0
93.33333333333331,18.759,4512.286,0.3333333333333333,34.202,152.0,2.6666666666666665
109.0,18.633,3843.5,0.5,28.351,115.0,3.5
167.5,16.53,3832.5,1.0,25.3,180.0,1.5
0.0,19.131,618.984,0.0,33.0,0.0,5.0
51.66666666666666,14.632,2438.809333333333,0.3333333333333333,30.502,155.0,4.0
34.333333333333336,23.33,653.3932666666667,0.0,34.83,103.0,1.3333333333333333
73.75,23.33,491.07175,0.0,34.83,103.0,4.0
122.0,35.117,484.7145,0.5,54.934,180.0,2.0
135.33333333333334,21.19,8599.666666666666,0.6666666666666666,30.82,144.0,1.3333333333333333
87.66666666666666,35.117,6417.619333333334,0.3333333333333333,54.934,135.0,2.6666666666666665
83.0,18.6,1561.07175,0.0,27.96,140.0,4.0
49.77777777777778,23.81,1.8256666666666668,0.0,39.611,64.0,4.222222222222222
126.6,12.8,2370.0,0.4,24.76,162.0,2.4
95.0,16.908,2884.286,0.3333333333333333,37.48,157.0,2.6666666666666665
110.33333333333334,16.18,3931.333333333333,0.3333333333333333,30.651,125.0,2.6666666666666665
34.75,16.461,4910.0,0.25,27.16,139.0,3.75
159.60000000000002,15.64,2620.4,0.6000000000000001,33.667,230.0,1.6
61.833333333333336,18.828,593.7973333333333,0.3333333333333333,28.447,230.0,3.5
57.71428571428572,18.759,7304.857142857143,0.4285714285714285,33.0,152.0,2.857142857142857
174.4,15.64,4332.4,0.6000000000000001,27.96,230.0,1.6
78.85714285714286,15.035,745.7627142857143,0.4285714285714285,47.448,160.0,2.571428571428571
81.33333333333333,35.117,323.1729666666667,0.3333333333333333,54.934,180.0,1.3333333333333333
141.5,18.6,4729.75,0.5,27.96,152.0,2.25
109.25,16.908,5546.7145,0.5,34.202,157.0,2.0
153.4,10.004,6452.8,1.0,28.351,223.0,1.2
165.0,15.035,3134.333333333333,1.0,25.3,180.0,1.0
133.0,11.871,1005.7004,0.6000000000000001,47.448,201.0,1.2
187.33333333333331,21.19,2555.333333333333,0.6666666666666666,30.82,264.0,1.3333333333333333
142.71428571428572,16.908,5572.857142857143,0.4285714285714285,27.96,157.0,2.571428571428571
74.0,18.168,2089.9284,0.4,35.17,244.0,3.0
83.25,18.211,1027.6255,0.25,47.448,112.0,2.0
159.0,19.725,4121.75,0.75,30.18,230.0,0.75
136.20000000000002,24.383,794.9004,0.4,45.72,230.0,1.6
66.88888888888889,19.63,1527.2417777777778,0.3333333333333333,32.93,230.0,3.333333333333333
76.66666666666666,14.925,4438.155000000001,0.3333333333333333,23.32,158.0,2.666666666666667
168.33333333333331,10.004,2100.333333333333,0.6666666666666666,30.18,223.0,1.0
93.0,11.871,686.8176,0.4,50.908,264.0,3.0
137.0,11.871,3895.2,0.6000000000000001,30.18,201.0,1.2
112.75,14.32,2385.2145,0.5,25.04,180.0,2.0
69.77777777777777,18.6,3113.777777777778,0.2222222222222222,27.96,244.0,3.7777777777777777
158.66666666666669,20.521,7371.999999999999,0.6666666666666666,34.83,230.0,1.3333333333333333
98.0,15.035,869.73675,0.5,47.448,160.0,2.0
53.25,16.687,1458.647,0.25,25.559,264.0,4.125
115.5,14.65,5088.75,0.5,29.31,134.0,2.0
116.25,14.65,1127.4645,0.5,29.31,180.0,2.0
80.2,12.8,1647.2856,0.4,24.76,162.0,2.4
62.85714285714286,18.759,7753.428571428571,0.4285714285714285,33.0,152.0,2.857142857142857
66.88888888888889,15.934,933.0195555555556,0.2222222222222222,34.22,244.0,3.555555555555556
141.75,12.24,3661.25,0.5,20.52,179.0,2.0
127.71428571428572,17.964,4545.142857142857,0.4285714285714285,28.447,141.0,2.571428571428571
83.66666666666667,11.059,2050.2143333333333,0.3333333333333333,19.174,187.0,3.0
74.11111111111111,18.563,4840.888888888889,0.3333333333333333,36.0,264.0,3.333333333333333
85.33333333333334,18.633,1405.4526666666666,0.3333333333333333,28.351,141.0,3.333333333333333
186.7142857142857,16.908,3361.142857142857,1.0,28.351,230.0,0.8571428571428571
173.39999999999998,10.004,5309.2,1.0,25.559,223.0,1.2
88.57142857142857,15.035,493.82628571428575,0.4285714285714285,45.72,230.0,2.857142857142857
80.8,15.035,655.0176,0.4,40.0,244.0,3.0
78.0,15.035,519.8176,0.4,45.72,230.0,3.0
166.66666666666669,14.632,4631.0,1.0,28.351,230.0,1.6666666666666663
162.25,18.633,5097.75,1.0,28.351,230.0,0.75
75.88888888888889,14.632,1230.9084444444445,0.3333333333333333,30.502,264.0,3.555555555555556
89.0,11.871,616.45394,0.4,40.0,244.0,0.0
155.66666666666666,12.24,7720.0,1.0,20.52,179.0,1.0
120.79999999999998,12.24,2753.1716,0.4,20.52,179.0,2.4000000000000004
96.66666666666669,11.059,2702.565333333333,0.3333333333333333,19.174,187.0,3.0
129.0,16.5,3007.0,0.5,30.96,180.0,2.0
71.44444444444444,14.632,3232.6666666666665,0.3333333333333333,30.502,244.0,3.555555555555556
151.5,20.521,11511.666666666668,0.6666666666666666,30.82,244.0,1.3333333333333333
90.16666666666666,16.5,2307.119333333333,0.3333333333333333,25.3,155.0,3.1666666666666665
138.28571428571428,17.964,6272.571428571429,0.4285714285714285,27.96,140.0,2.571428571428571
153.6,18.759,3320.1716000000006,0.6000000000000001,34.202,244.0,1.6
171.33333333333334,21.19,2295.333333333333,0.6666666666666666,30.82,244.0,1.3333333333333333
102.25,18.869,4058.2145,0.5,28.03,155.0,2.25
111.4,10.004,1604.2574000000002,0.4,27.491,223.0,2.4
101.88888888888889,10.004,1879.1748888888887,0.3333333333333333,25.3,223.0,3.333333333333333
104.14285714285714,11.871,758.3370857142858,0.4285714285714285,50.908,264.0,0.0
44.5,11.871,1108.772,0.25,30.502,201.0,4.0
147.0,18.563,6532.799999999999,0.6000000000000001,30.82,180.0,1.6
84.4,21.8,796.0574,0.2,36.0,230.0,3.4
105.0,24.383,666.5004,0.4,47.448,152.0,1.6
75.19999999999999,18.211,745.4539400000001,0.4,153.893,264.0,0.0
145.0,23.33,1154.3333333333337,0.6666666666666666,34.83,180.0,1.3333333333333333
66.55555555555556,18.563,2534.686222222222,0.3333333333333333,45.72,230.0,3.333333333333333
161.20000000000002,19.63,3476.2,0.6000000000000001,30.18,230.0,1.2
68.22222222222223,18.168,1331.3528888888889,0.3333333333333333,35.17,244.0,3.333333333333333
165.33333333333334,18.6,5338.666666666667,0.6666666666666666,27.96,230.0,1.3333333333333333
66.55555555555556,18.563,2535.6982222222223,0.3333333333333333,39.611,230.0,3.333333333333333
69.77777777777777,18.6,3113.777777777778,0.2222222222222222,27.96,244.0,3.7777777777777777
150.2,11.871,3296.0,1.0,28.351,201.0,1.2
125.25,14.32,3256.25,0.5,25.04,152.0,2.0
126.5,20.51,1859.7145,0.5,30.71,244.0,2.25
63.77777777777778,15.934,782.7973333333334,0.2222222222222222,34.22,230.0,3.555555555555556
125.5,16.5,2168.7145,0.5,30.96,244.0,2.0
124.5,20.292,2613.7145,0.5,36.83,244.0,2.0
151.66666666666666,14.632,10881.0,1.0,23.32,158.0,0.6666666666666666
68.88888888888889,15.64,1172.587111111111,0.3333333333333333,33.667,244.0,3.333333333333333
145.33333333333334,11.03,1055.417,0.6666666666666666,43.6,212.0,1.0
79.6,14.65,1599.7284,0.4,29.31,264.0,3.0
77.66666666666667,16.5,4073.3333333333335,0.3333333333333333,30.96,130.0,3.0
36.25,15.035,1111.022,0.25,30.96,160.0,3.75
33.875,15.64,3571.272,0.25,33.667,139.0,3.75
149.0,16.53,4790.666666666667,1.0,25.3,155.0,1.0
78.0,18.168,2159.3284,0.4,35.17,264.0,3.0
152.66666666666669,11.03,4981.0,0.6666666666666666,30.18,212.0,1.0
134.14285714285714,16.908,6078.0,0.4285714285714285,28.03,157.0,2.571428571428571
161.66666666666669,17.964,4574.333333333334,1.0,28.351,230.0,1.0
126.33333333333334,11.03,2881.2145,0.5,32.93,212.0,2.0
71.77777777777777,14.925,1820.464,0.3333333333333333,23.32,244.0,3.333333333333333
95.25,15.035,1000.1255,0.25,47.448,160.0,2.0
55.44444444444444,14.632,3447.6982222222223,0.3333333333333333,29.829,172.0,3.7777777777777777
156.0,11.871,2604.0,1.0,28.351,201.0,1.0
55.6,18.168,1889.6176,0.4,35.17,152.0,3.0
64.44444444444444,10.004,2154.504377777778,0.3333333333333333,28.47,223.0,0.0
118.5,11.871,776.11625,0.5,39.611,201.0,2.0
182.28571428571428,18.759,2943.428571428572,0.7142857142857142,30.18,230.0,0.8571428571428571
112.6,18.759,4247.4,0.2,30.18,152.0,3.0
108.25,12.24,3348.7145,0.5,20.52,179.0,2.0
73.0,18.869,2438.2143333333333,0.3333333333333333,28.03,155.0,3.333333333333333
105.5,11.871,953.1255,0.25,47.448,201.0,2.0
94.0,16.53,2992.9526666666666,0.3333333333333333,25.3,155.0,3.333333333333333
123.71428571428572,15.934,5554.142857142857,0.2857142857142857,30.82,140.0,2.571428571428571
135.75,18.869,4370.75,0.5,28.03,155.0,2.25
137.0,16.345,5672.0,0.2,27.96,155.0,3.0
79.19999999999999,18.759,3014.2176000000004,0.4,34.202,244.0,3.0
127.0,11.871,1663.2145,0.5,37.48,201.0,2.0
128.8,18.6,5537.2,0.4,27.96,140.0,2.8000000000000003
70.0,19.63,3756.3333333333335,0.3333333333333333,32.93,244.0,3.333333333333333
121.0,20.292,2444.7145,0.5,36.83,230.0,2.0
67.33333333333333,21.19,878.0315555555555,0.2222222222222222,30.82,244.0,3.7777777777777777
176.0,17.964,4266.4,0.6000000000000001,27.96,230.0,1.6
91.8,18.633,3853.0574,0.4,28.351,152.0,3.0
46.875,11.871,1612.522,0.25,31.943,201.0,4.0
140.0,18.6,7186.0,0.4285714285714285,27.96,152.0,2.571428571428571
63.333333333333336,16.345,450.2417777777778,0.2222222222222222,33.492,230.0,3.555555555555556
69.66666666666667,18.563,2685.9204444444445,0.3333333333333333,39.611,244.0,3.333333333333333
74.22222222222221,18.6,4404.222222222223,0.2222222222222222,27.96,264.0,3.7777777777777777
109.11111111111111,16.345,3220.222222222222,0.1111111111111111,28.47,134.0,2.2222222222222223
49.44444444444444,15.035,1261.1710444444443,0.3333333333333333,30.651,160.0,0.0
84.19999999999999,16.908,2107.7284,0.4,37.48,264.0,3.0
146.75,18.6,5081.25,0.5,27.96,155.0,2.25
154.75,18.633,4538.25,1.0,28.351,180.0,0.75
186.25,16.53,2372.25,1.0,25.3,230.0,0.75
135.66666666666669,18.211,2847.666666666667,1.0,28.351,180.0,1.0
158.0,11.871,2075.6502,0.8,28.351,201.0,1.2
164.66666666666669,11.03,1807.0,0.6666666666666666,30.18,212.0,1.0
150.8,19.131,1501.8858,0.6,33.0,230.0,1.8
71.44444444444444,14.632,1154.8093333333331,0.3333333333333333,30.502,244.0,3.555555555555556
37.5,15.028,2532.272,0.25,31.943,174.0,4.0
135.66666666666666,17.964,4467.333333333334,1.0,28.351,152.0,1.0
155.33333333333334,20.428,4235.809666666666,0.6666666666666666,29.829,230.0,1.6666666666666663
96.1,15.035,6501.6574,0.4,54.934,160.0,2.4
88.57142857142857,15.035,494.6937142857143,0.4285714285714285,39.611,230.0,2.857142857142857
186.0,10.004,8254.25,1.0,25.3,223.0,0.75
150.25,18.633,4145.75,1.0,28.351,180.0,0.75
154.5,18.633,6740.75,1.0,28.351,180.0,0.75
82.80000000000001,14.65,1714.8574,0.2,29.31,134.0,2.6
75.88888888888889,14.632,3309.777777777778,0.3333333333333333,30.502,264.0,3.555555555555556
66.55555555555556,18.563,4613.555555555556,0.3333333333333333,36.0,230.0,3.333333333333333
108.5,12.8,3369.4645,0.5,24.76,162.0,2.0
34.875,17.964,3530.022,0.25,39.722,140.0,3.75
111.4,10.004,1604.2574000000002,0.4,27.491,223.0,2.4
122.0,18.211,1402.0,0.6666666666666666,30.18,152.0,1.0
71.33333333333333,20.428,1976.4883333333328,0.1666666666666666,29.829,172.0,3.6666666666666665
97.0,20.292,3706.7145,0.5,30.71,134.0,2.25
111.0,12.8,1586.5716,0.4,24.76,162.0,2.4000000000000004
104.0,12.8,2976.9645,0.5,24.76,162.0,2.0
150.8,21.8,1137.8858,0.6,36.0,230.0,1.8
142.75,12.24,1588.4645,0.5,20.52,264.0,2.0
96.2,18.869,2643.6574,0.4,28.03,155.0,2.8
128.25,18.828,1058.7145,0.5,28.447,244.0,2.25
87.2,15.934,2129.9862,0.0,34.22,114.0,2.8
152.4,11.03,3512.0,1.0,28.351,212.0,1.2
99.0,12.24,3097.029966666667,0.3333333333333333,20.52,179.0,1.3333333333333333
106.5,19.725,698.3755,0.25,30.18,180.0,2.25
75.33333333333333,16.687,3261.041666666667,0.3333333333333333,25.559,162.0,4.0
87.55555555555554,15.028,2533.619333333333,0.3333333333333333,28.351,174.0,3.555555555555556
113.4,31.625,3502.0574,0.4,45.72,230.0,2.4
72.4,15.64,1666.2176,0.4,33.667,230.0,3.0
162.25,18.633,1913.25,1.0,28.351,230.0,0.75
64.22222222222223,21.19,2805.666666666667,0.2222222222222222,30.82,230.0,3.7777777777777777
99.25,16.18,4591.7145,0.5,30.651,144.0,2.0
36.5,14.65,2428.772,0.25,23.32,158.0,3.75
158.00000000000003,31.625,608.4763333333333,0.6666666666666666,45.72,230.0,1.3333333333333333
94.55555555555554,16.53,2450.286,0.3333333333333333,25.3,157.0,3.333333333333333
33.125,18.168,3751.022,0.25,35.17,139.0,3.75
71.2,18.168,1953.8176,0.4,35.17,230.0,3.0
140.66666666666666,17.964,3310.333333333333,0.6666666666666666,30.18,180.0,1.0
122.75,18.828,4277.5,0.5,28.447,144.0,2.25
166.33333333333334,23.33,1342.3333333333337,0.6666666666666666,34.83,244.0,1.3333333333333333
172.25,12.24,4452.0,0.5,20.52,230.0,2.0
137.20000000000002,11.871,2048.5004,0.6000000000000001,39.722,201.0,1.2
141.75,12.24,3661.25,0.5,20.52,179.0,2.0
154.42857142857144,16.908,2309.714285714286,0.7142857142857142,30.18,180.0,0.8571428571428571
49.875,16.53,1029.897,0.25,25.3,244.0,4.125
105.75,14.32,2276.9645,0.5,25.04,152.0,2.0
145.875,16.53,3609.625,0.5,25.3,180.0,2.375
99.5,19.725,590.1255,0.25,30.18,152.0,2.25
141.0,18.563,5389.2,0.6000000000000001,34.83,180.0,1.6
180.0,15.64,4602.8,0.6000000000000001,27.96,244.0,1.6
116.2,24.383,839.7004000000001,0.4,47.448,180.0,1.6
168.33333333333334,20.521,8550.333333333334,0.6666666666666666,30.82,244.0,1.3333333333333333
179.75,18.633,4482.25,1.0,28.351,230.0,0.75
174.57142857142856,11.03,3416.489857142857,0.8571428571428571,25.3,212.0,1.4285714285714284
110.0,15.64,2110.2145,0.5,33.667,180.0,2.0
172.0,19.725,3113.75,0.75,30.18,230.0,0.75
144.4,11.03,5672.8,1.0,28.351,212.0,1.2
128.33333333333334,20.292,4773.643,0.6666666666666666,36.83,264.0,1.3333333333333333
70.0,13.58,843.3648888888888,0.3333333333333333,27.491,244.0,3.333333333333333
180.57142857142856,17.964,2030.0,0.7142857142857142,30.18,230.0,0.8571428571428571
106.4,11.871,4528.8574,0.4,50.908,201.0,2.4
71.28571428571429,18.563,3289.4799428571428,0.4285714285714285,71.641,180.0,0.0
142.0,18.6,6270.571428571428,0.4285714285714285,27.96,152.0,2.571428571428571
39.25,15.028,2311.272,0.25,31.943,174.0,4.0
130.25,18.828,5707.0,0.5,28.447,144.0,2.25
165.6,16.345,3369.6000000000004,0.8,28.351,244.0,1.6
175.25,18.633,4089.75,1.0,28.351,230.0,0.75
72.4,15.64,1666.2176,0.4,33.667,230.0,3.0
69.77777777777777,18.6,1035.9204444444445,0.2222222222222222,27.96,244.0,3.7777777777777777
64.55555555555556,10.004,3290.059933333333,0.3333333333333333,0.0,223.0,0.0
110.0,18.08,3355.2145,0.5,31.06,180.0,2.0
113.0,14.32,1886.0574,0.4,25.04,230.0,2.4
85.71428571428571,17.964,1265.5405714285716,0.4285714285714285,39.722,230.0,2.857142857142857
154.8,16.345,1537.6,0.4,30.18,230.0,1.6
108.11111111111111,16.18,2720.666666666667,0.1111111111111111,30.18,125.0,2.2222222222222223
156.2,18.563,5734.8,0.6000000000000001,40.0,244.0,0.8
92.0,25.154,749.4645,0.25,37.93,152.0,2.25
84.8,15.035,2595.4,0.4,36.0,264.0,3.0
45.0,34.97,242.870475,0.25,62.707,180.0,2.5
96.0,16.5,4015.7145,0.5,30.96,130.0,2.0
124.125,14.32,6825.75,0.5,25.04,143.0,2.0
117.55555555555554,13.58,5336.333333333333,0.5555555555555556,27.491,142.0,1.7777777777777777
87.6,15.028,2644.8176000000003,0.4,31.943,264.0,3.4
141.6,11.03,2480.5004,0.6000000000000001,39.722,212.0,1.2
118.25,18.828,3885.0,0.5,28.447,141.0,2.25
119.57142857142856,16.908,4042.571428571429,0.4285714285714285,30.71,157.0,2.571428571428571
12.0,23.81,0.8040999999999999,0.0,39.611,72.0,1.3333333333333337
38.375,16.53,905.272,0.25,25.3,155.0,4.125
146.0,11.03,4715.2,0.6000000000000001,30.18,212.0,1.2
38.0,16.18,1511.7828571428572,0.2857142857142857,28.447,141.0,3.7142857142857135
219.75,16.53,2572.0,1.0,25.3,264.0,0.75
160.0,16.345,3099.2000000000003,0.8,28.351,230.0,1.6
108.5,20.292,2472.7145,0.5,36.83,180.0,2.0
124.0,11.059,3422.7716,0.4,19.174,187.0,2.4000000000000004
82.9,16.461,1285.8176,0.4,27.16,230.0,3.0
69.66666666666667,18.563,2683.8377111111117,0.3333333333333333,40.0,244.0,0.0
117.75,16.345,3656.5,0.25,30.18,157.0,2.0
134.33333333333331,16.345,1855.0,0.6666666666666666,28.447,152.0,1.0
145.0,17.964,4611.666666666666,1.0,28.351,180.0,1.0
50.44444444444444,15.035,1760.7266,0.3333333333333333,28.47,160.0,0.0
139.75,14.32,4794.0,0.5,25.04,180.0,2.0
62.4,15.035,454.65394,0.4,80.143,160.0,0.0
122.0,16.5,1999.7145,0.5,30.96,230.0,2.0
102.57142857142856,11.871,1483.806,0.5714285714285714,28.351,201.0,2.571428571428571
158.0,15.035,4017.666666666667,1.0,25.559,162.0,1.0
90.2,18.168,3297.2574,0.3,27.96,140.0,2.8
113.0,14.32,1886.0574,0.4,25.04,230.0,2.4
66.88888888888889,19.63,1528.2537777777775,0.3333333333333333,32.93,230.0,3.333333333333333
197.66666666666669,11.871,4062.0,1.0,25.559,230.0,1.0
179.4,20.521,4373.8858,0.8,45.72,230.0,0.8
44.875,18.633,908.647,0.25,28.351,244.0,4.125
81.33333333333333,35.117,323.1729666666667,0.3333333333333333,54.934,180.0,1.3333333333333333
121.0,11.059,2850.9716000000003,0.4,19.174,187.0,2.4000000000000004
134.25,12.24,2231.75,0.5,20.52,179.0,2.0
127.42857142857144,18.759,6374.0,0.4285714285714285,30.71,152.0,2.571428571428571
125.75,10.004,4261.7145,0.5,34.202,223.0,2.0
147.66666666666666,12.8,6196.666666666667,1.0,24.76,162.0,1.0
174.0,18.6,2543.6666666666665,0.6666666666666666,27.96,230.0,1.3333333333333333
57.6,15.035,348.20756,0.2,54.934,160.0,1.6
221.5,16.687,3342.75,1.0,25.559,264.0,0.75
76.22222222222223,14.925,5189.777777777777,0.3333333333333333,23.32,264.0,3.333333333333333
111.4,10.004,1604.2574000000002,0.4,27.491,223.0,2.4
117.79999999999998,12.24,2181.3716000000004,0.4,20.52,179.0,2.4000000000000004
70.66666666666667,11.03,878.3033333333333,0.3333333333333333,39.611,212.0,3.333333333333333
78.0,18.168,2158.4176,0.4,35.17,264.0,3.0
125.71428571428572,17.964,5460.571428571429,0.4285714285714285,30.71,140.0,2.571428571428571
154.6,10.004,3688.0,1.0,28.351,223.0,1.2
165.33333333333334,11.871,2748.333333333333,1.0,28.351,201.0,1.0
93.0,11.871,2557.8,0.4,36.0,264.0,3.0
176.66666666666666,10.004,3580.666666666667,1.0,25.3,223.0,1.0
134.14285714285714,16.908,6078.0,0.4285714285714285,28.03,157.0,2.571428571428571
42.5,11.871,2831.272,0.25,50.908,201.0,3.75
70.0,19.63,1678.476,0.3333333333333333,32.93,244.0,3.333333333333333
148.57142857142856,11.03,5628.285714285714,0.4285714285714285,27.96,212.0,2.571428571428571
85.11111111111111,18.633,2777.397111111111,0.3333333333333333,28.351,152.0,3.333333333333333
116.625,14.32,5396.25,0.5,25.04,143.0,2.0
44.5,11.871,1108.772,0.25,30.502,201.0,4.0
146.0,19.63,2747.5716,0.6000000000000001,32.93,230.0,1.6
121.33333333333331,17.964,2558.7503333333334,0.6666666666666666,39.722,152.0,1.0
101.6,27.28,307.5076,0.2,40.0,244.0,3.0
93.2,15.035,1413.0574,0.2,34.22,160.0,2.8
145.66666666666666,14.632,3366.9999999999995,0.6666666666666666,30.18,180.0,1.6666666666666663
184.28571428571428,17.964,3145.428571428572,1.0,28.351,230.0,0.8571428571428571
118.5,11.871,1555.31275,0.5,36.0,201.0,2.0
35.25,19.725,350.147,0.125,30.18,180.0,4.125
150.57142857142856,11.03,4712.857142857143,0.4285714285714285,27.96,212.0,2.571428571428571
66.0,21.8,2030.174,0.25,36.0,264.0,3.75
137.42857142857142,14.632,2333.755285714285,0.5714285714285714,30.502,230.0,2.2857142857142856
172.6,18.563,6758.4,0.6000000000000001,30.82,244.0,1.6
12.0,21.8,520.2684333333333,0.0,36.0,72.0,1.3333333333333337
70.75,16.53,1675.3885,0.25,25.3,155.0,4.0
78.0,15.035,518.85394,0.4,45.72,230.0,0.0
120.6,11.03,2364.5145,0.5,30.651,212.0,2.0
113.5,16.345,3279.0,0.25,30.18,140.0,2.0
146.25,16.53,4171.75,1.0,25.3,155.0,0.75
47.25,10.004,1353.772,0.25,30.502,223.0,4.0
87.71428571428571,18.168,1711.2548571428574,0.4285714285714285,35.17,244.0,2.857142857142857
161.66666666666669,23.33,1117.0,0.6666666666666666,34.83,230.0,1.3333333333333333
37.0,16.908,3718.772,0.25,37.48,157.0,3.75
136.75,18.6,6025.0,0.5,27.96,141.0,2.25
73.55555555555556,15.028,1602.587111111111,0.3333333333333333,31.943,244.0,3.555555555555556
105.8,11.03,2101.6574,0.4,30.651,212.0,2.4
86.0,19.63,1963.1120000000003,0.4285714285714285,32.93,230.0,2.857142857142857
91.5,16.345,1045.1255,0.25,33.492,112.0,2.0
130.14285714285714,16.908,4760.857142857143,0.4285714285714285,28.447,157.0,2.571428571428571
86.0,19.63,1962.1942285714288,0.4285714285714285,32.93,230.0,0.0
66.33333333333334,23.81,2527.9204444444445,0.3333333333333333,39.611,230.0,3.333333333333333
70.66666666666667,11.03,2523.3633,0.3333333333333333,33.0,212.0,1.6666666666666667
116.0,11.871,3438.2145,0.5,37.48,201.0,2.0
181.66666666666663,15.035,3097.0,1.0,25.3,230.0,1.0
94.1,17.964,7041.8574,0.4,39.722,140.0,2.4
150.25,18.6,4037.0,0.5,27.96,180.0,2.25
82.11111111111111,17.06,2262.5082222222222,0.3333333333333333,28.351,125.0,3.333333333333333
129.25,11.871,3441.75,0.75,28.351,201.0,2.0
158.0,20.292,4865.0,0.6666666666666666,30.82,230.0,1.3333333333333333
64.88888888888889,11.03,777.6154888888889,0.3333333333333333,43.6,212.0,0.0
135.375,18.6,8546.25,0.5,27.96,145.0,2.0
67.0,11.871,2163.3633,0.3333333333333333,33.0,201.0,1.6666666666666667
170.5,11.03,7571.75,1.0,28.351,212.0,0.75
131.71428571428572,17.964,5862.285714285714,0.4285714285714285,28.03,155.0,2.571428571428571
75.6,14.65,3400.4,0.4,29.31,244.0,3.0
137.75,14.32,2612.8755,0.5,25.04,264.0,1.5
80.19999999999999,16.908,2037.4176,0.4,37.48,244.0,3.0
119.5,15.035,2676.75,0.25,30.18,160.0,2.0
101.6,27.28,307.5076,0.2,40.0,244.0,3.0
134.28571428571428,18.633,6736.714285714285,0.5714285714285714,28.351,172.0,2.571428571428571
109.2,11.03,1428.2574000000002,0.4,27.491,212.0,2.4
68.11111111111111,17.06,1330.4640000000002,0.3333333333333333,33.5,244.0,3.333333333333333
74.0,18.168,3960.0,0.4,35.17,244.0,3.0
90.55555555555554,11.871,1445.8415555555555,0.3333333333333333,28.351,201.0,3.333333333333333
180.5,11.03,7814.25,1.0,25.3,212.0,0.75
70.66666666666667,11.03,1917.232,0.3333333333333333,36.0,212.0,3.333333333333333
141.5,16.5,2979.0,0.5,30.96,230.0,2.0
52.16666666666667,18.828,2426.1306666666665,0.3333333333333333,28.447,172.0,3.666666666666667
66.88888888888889,15.934,933.0195555555556,0.2222222222222222,34.22,244.0,3.555555555555556
175.66666666666666,23.33,1486.6666666666667,0.6666666666666666,34.83,244.0,1.3333333333333333
121.57142857142856,16.908,3127.1428571428573,0.4285714285714285,28.447,157.0,2.571428571428571
194.66666666666663,18.6,3029.0,0.6666666666666666,27.96,264.0,1.3333333333333333
169.0,11.871,4917.2,1.0,25.559,201.0,1.2
157.33333333333334,17.964,3273.0,0.6666666666666666,30.18,230.0,1.0
151.66666666666669,15.035,2811.0,1.0,28.351,180.0,1.0
99.25,16.18,4591.7145,0.5,30.651,144.0,2.0
80.19999999999999,15.64,1946.8574,0.2,33.667,132.0,2.8
164.0,21.19,5388.333333333333,0.6666666666666666,30.82,230.0,1.3333333333333333
153.71428571428572,18.759,3007.428571428572,0.7142857142857142,30.18,180.0,0.8571428571428571
159.75,16.53,2183.75,1.0,25.3,180.0,0.75
140.57142857142856,21.8,1380.7755714285715,0.5714285714285714,36.0,230.0,2.0
94.0,12.24,2144.565333333333,0.3333333333333333,20.52,179.0,3.0
139.2,11.03,4111.2,0.6000000000000001,30.18,212.0,1.2
123.0,14.65,6518.25,0.5,29.31,134.0,2.0
66.88888888888889,13.58,692.1306666666667,0.3333333333333333,27.491,230.0,3.333333333333333
161.66666666666669,17.964,4574.333333333334,1.0,28.351,230.0,1.0
79.0,18.168,2234.4574,0.2,35.17,126.0,2.8
71.33333333333333,15.934,1010.1306666666668,0.2222222222222222,34.22,264.0,3.555555555555556
118.75,15.934,4404.75,0.25,30.18,157.0,2.0
113.33333333333331,23.81,357.41083333333336,0.6666666666666666,39.611,152.0,1.3333333333333337
153.33333333333331,12.8,9865.0,1.0,24.76,162.0,0.6666666666666666
133.25,18.869,5770.0,0.5,28.03,172.0,2.5
82.0,16.5,1920.8574,0.2,30.96,130.0,2.6
153.14285714285714,11.871,1406.7755714285713,0.5714285714285714,30.18,201.0,1.4285714285714284
66.33333333333334,31.625,2526.9084444444443,0.3333333333333333,45.72,230.0,3.333333333333333
156.14285714285714,10.004,6155.714285714286,0.4285714285714285,27.96,223.0,2.571428571428571
100.5,16.5,4408.2145,0.5,30.96,144.0,2.0
93.0,11.871,685.85394,0.4,50.908,264.0,0.0
99.44444444444444,11.871,1661.397111111111,0.3333333333333333,25.3,201.0,3.333333333333333
148.0,18.759,3049.7716000000005,0.6000000000000001,34.202,230.0,1.6
82.22222222222223,18.168,2263.397111111111,0.3333333333333333,28.351,126.0,3.333333333333333
172.6,11.03,2917.6502,0.8,25.3,212.0,1.2
134.125,20.428,7505.0,0.5,29.829,172.0,2.375
41.875,16.53,959.397,0.25,25.3,180.0,4.125
88.57142857142857,15.64,1506.6937142857143,0.4285714285714285,33.667,244.0,2.857142857142857
53.77777777777778,18.6,3328.8093333333336,0.2222222222222222,27.96,172.0,4.0
82.5,31.625,2182.8176000000003,0.4,45.72,230.0,3.0
75.80000000000001,14.32,3642.8856,0.2,25.04,143.0,3.6
95.8,16.908,7192.8574,0.4,37.48,157.0,2.4
143.4,10.004,5682.0,0.6000000000000001,34.83,223.0,1.6
135.20000000000002,11.03,1221.7004,0.6000000000000001,43.6,212.0,1.2
149.83333333333334,20.521,10616.5,0.6666666666666666,34.83,264.0,1.3333333333333333
120.25,11.871,3771.7145,0.5,34.202,201.0,2.0
166.66666666666669,21.19,2070.0,0.6666666666666666,30.82,230.0,1.3333333333333333
131.0,19.725,1847.0,0.2,30.18,244.0,3.0
105.66666666666669,24.383,1751.6666666666667,0.3333333333333333,37.93,152.0,1.0
83.8,14.632,4801.8,0.4,30.502,264.0,3.4
100.66666666666666,11.03,1781.397111111111,0.3333333333333333,25.3,212.0,3.333333333333333
131.75,16.53,2057.9645,0.5,25.3,244.0,2.75
111.0,16.687,4304.5716,0.4,25.559,162.0,3.6
98.75,18.828,2905.7145,0.5,28.447,141.0,2.25
87.0,18.869,1954.8574,0.2,28.03,155.0,2.8
118.5,11.871,775.73675,0.5,47.448,201.0,2.0
149.39999999999998,10.004,2126.4,0.6000000000000001,30.18,223.0,1.2
153.0,12.8,7235.0,1.0,24.76,162.0,1.0
138.25,25.1,4632.8755,0.5,47.448,264.0,1.5
144.75,14.32,3336.5,0.5,25.04,230.0,2.0
138.0,15.035,1365.3333333333337,0.6666666666666666,30.18,160.0,1.0
47.375,18.633,952.022,0.25,28.351,264.0,4.125
138.42857142857142,11.871,2607.142857142857,0.4285714285714285,30.502,201.0,2.571428571428571
69.80000000000001,14.32,2499.2856,0.2,25.04,143.0,3.6
157.125,16.53,2138.125,0.5,25.3,230.0,2.375
74.0,17.964,1600.2176,0.4,39.722,230.0,3.0
37.375,16.908,2585.397,0.25,32.93,157.0,3.75
140.57142857142856,19.131,1900.7755714285715,0.5714285714285714,33.0,230.0,2.0
120.0,16.345,5231.0,0.75,28.351,140.0,2.0
144.0,14.32,9212.333333333332,1.0,25.04,155.0,1.0
83.16666666666666,18.828,754.786,0.1666666666666666,28.447,141.0,3.333333333333333
33.625,16.461,2178.772,0.25,27.16,139.0,3.75
74.44444444444444,19.131,5046.777777777777,0.3333333333333333,32.93,264.0,3.333333333333333
151.2,11.03,6276.8,1.0,28.351,212.0,1.2
71.33333333333334,13.58,2542.750333333333,0.3333333333333333,27.491,142.0,2.666666666666667
112.0,21.8,1444.7755714285713,0.5714285714285714,36.0,180.0,2.0
74.44444444444444,13.58,920.476,0.3333333333333333,27.491,264.0,3.333333333333333
105.0,20.292,3825.0,0.25,34.83,126.0,2.25
75.6,15.934,3312.4,0.2,34.22,264.0,3.4
104.4,11.03,1490.6574,0.2,30.82,212.0,3.2
99.0,21.8,2076.75,0.5,36.0,244.0,2.5
100.71428571428572,11.871,926.0917142857144,0.4285714285714285,30.18,201.0,2.571428571428571
156.33333333333331,10.004,5274.333333333333,0.6666666666666666,30.18,223.0,1.0
74.11111111111111,18.563,2763.031555555556,0.3333333333333333,39.611,264.0,3.333333333333333
71.77777777777777,21.19,955.1426666666666,0.2222222222222222,30.82,264.0,3.7777777777777777
133.25,18.828,1145.4645,0.5,28.447,264.0,2.25
139.75,12.24,6150.0,0.5,20.52,179.0,2.0
55.4,12.8,683.7872,0.3,24.76,230.0,3.5
113.6,16.908,3270.6,0.2,30.18,157.0,3.0
133.5,12.8,1129.9645,0.5,24.76,244.0,2.0
75.6,14.65,1529.4176,0.4,29.31,244.0,3.0
85.6,16.345,932.7862,0.0,33.492,110.0,2.8
162.66666666666666,27.28,833.8096666666667,0.6666666666666666,40.0,244.0,1.3333333333333333
30.75,19.725,1540.397,0.125,30.18,144.0,4.125
148.4,18.168,2394.9716,0.6000000000000001,35.17,244.0,1.6
75.19999999999999,15.64,1801.4176,0.4,33.667,244.0,3.0
52.375,16.53,1073.272,0.25,25.3,264.0,4.125
75.33333333333333,16.687,3261.041666666667,0.3333333333333333,25.559,162.0,4.0
116.5,20.292,4686.0,0.5,30.71,134.0,2.25
68.33333333333334,14.632,1004.587111111111,0.3333333333333333,30.502,230.0,3.555555555555556
97.0,20.292,3706.7145,0.5,30.71,134.0,2.25
100.33333333333334,19.725,2020.5,0.0,30.18,103.0,3.333333333333333
134.0,14.925,10095.0,0.75,23.32,158.0,0.5
125.5,13.58,5646.25,0.75,27.491,142.0,0.5
69.66666666666667,18.563,5977.111111111111,0.3333333333333333,33.0,244.0,3.333333333333333
136.2,10.004,5054.0,0.6000000000000001,34.83,223.0,1.6
112.75,12.24,3741.2145,0.5,20.52,179.0,2.0
35.875,14.632,1848.772,0.25,30.502,155.0,4.0
130.57142857142856,15.035,3773.428571428572,0.4285714285714285,28.447,160.0,2.571428571428571
35.875,18.633,2198.397,0.25,28.351,172.0,4.25
189.75,16.53,4724.75,1.0,25.3,230.0,0.75
46.625,20.521,2520.772,0.25,45.72,230.0,3.75
124.5,11.03,1784.8755,0.5,27.491,212.0,1.5
108.6,15.64,3034.6,0.2,30.18,132.0,3.0
35.25,16.5,2585.522,0.25,30.96,152.0,3.75
162.75,18.6,4009.0,0.5,27.96,230.0,2.25
161.0,18.563,5344.4,0.6000000000000001,34.83,230.0,1.6
141.16666666666669,11.059,1899.5,0.6666666666666666,19.174,187.0,1.0
84.19999999999999,16.908,3977.8,0.4,36.0,264.0,3.0
50.44444444444444,16.345,2893.352888888889,0.2222222222222222,29.829,172.0,3.7777777777777777
98.75,18.828,2905.7145,0.5,28.447,141.0,2.25
142.2,11.871,5456.8,1.0,28.351,201.0,1.2
83.66666666666667,11.059,2049.708333333333,0.3333333333333333,19.174,187.0,3.0
140.28571428571428,17.964,5357.142857142857,0.4285714285714285,27.96,141.0,2.571428571428571
71.44444444444444,14.632,4446.0,0.3333333333333333,30.502,244.0,3.555555555555556
64.16666666666666,18.828,706.464,0.3333333333333333,28.447,244.0,3.5
74.0,21.49,2757.098,0.5,34.83,152.0,2.5
168.4,11.03,3900.0,1.0,25.3,212.0,1.2
200.0,11.871,3259.666666666667,1.0,25.3,244.0,1.0
136.0,20.428,3346.2145,0.5,29.829,244.0,2.25
40.875,16.53,2319.647,0.25,25.3,172.0,4.25
124.75,14.632,4524.0,0.5,30.18,155.0,2.0
152.0,12.8,10257.333333333334,1.0,24.76,162.0,1.0
114.0,10.004,2164.8574,0.4,30.502,223.0,2.8
67.0,11.871,518.3033333333333,0.3333333333333333,39.611,201.0,3.333333333333333
163.33333333333334,10.004,3257.333333333333,1.0,28.351,223.0,1.0
71.6,15.934,1372.9284,0.2,34.22,244.0,3.4
165.60000000000002,15.64,3764.0,0.6000000000000001,30.82,230.0,1.6
164.20000000000002,18.563,5873.6,0.6000000000000001,47.887,264.0,0.8
106.8,16.687,2150.4574,0.4,25.559,180.0,3.0
65.77777777777779,15.64,1022.3648888888888,0.3333333333333333,33.667,230.0,3.333333333333333
174.0,11.03,3534.2502,0.8,25.559,212.0,1.2
111.0,10.004,1950.8574,0.2,27.96,223.0,3.2
108.25,12.8,5571.9645,0.5,24.76,162.0,2.0
175.66666666666666,18.6,9024.0,0.6666666666666666,27.96,244.0,1.3333333333333333
42.875,11.871,1697.897,0.25,32.93,201.0,3.75
180.28571428571428,18.211,2389.428571428572,1.0,28.351,230.0,0.8571428571428571
128.0,18.759,3094.5716,0.6000000000000001,34.202,180.0,1.6
123.55555555555556,35.117,2937.524,0.5555555555555556,54.934,180.0,1.7777777777777777
82.88888888888889,15.64,2103.619333333333,0.3333333333333333,28.351,132.0,3.333333333333333
141.625,20.428,8934.5,0.5,29.829,172.0,2.375
154.83333333333334,20.521,11569.5,0.6666666666666666,30.82,264.0,1.3333333333333333
131.25,10.004,4205.6255,0.5,23.32,223.0,1.5
144.66666666666666,16.53,11905.666666666668,1.0,25.3,155.0,1.0
124.375,20.292,7835.75,0.5,30.82,145.0,2.0
104.0,21.8,1114.531375,0.625,36.0,152.0,1.625
79.19999999999999,15.64,3741.8,0.4,33.667,264.0,3.0
148.66666666666666,18.6,5376.0,0.6666666666666666,27.96,180.0,1.3333333333333333
103.25,18.828,3298.2145,0.5,28.447,144.0,2.25
46.16666666666666,16.18,1402.630666666667,0.3333333333333333,30.651,152.0,3.333333333333333
75.19999999999999,15.64,3672.4,0.4,33.667,244.0,3.0
101.66666666666669,11.059,3655.5653333333335,0.3333333333333333,19.174,187.0,3.0
158.0,18.168,2853.2,0.6000000000000001,30.18,230.0,1.2
100.66666666666666,16.687,5341.071333333333,0.3333333333333333,25.559,162.0,4.0
145.33333333333334,13.58,10969.0,1.0,27.491,155.0,0.6666666666666666
106.75,18.869,4450.7145,0.5,28.03,155.0,2.25
54.0,13.58,3135.2417777777778,0.3333333333333333,27.491,172.0,3.555555555555556
142.33333333333334,15.035,2666.666666666667,1.0,28.351,160.0,1.0
165.0,11.871,6448.8,1.0,25.3,201.0,1.2
182.33333333333331,23.33,1602.3333333333337,0.6666666666666666,34.83,264.0,1.3333333333333333
163.33333333333334,20.521,7597.333333333333,0.6666666666666666,34.83,244.0,1.3333333333333333
128.75,20.521,5208.7145,0.5,40.0,244.0,2.0
43.5,19.725,456.91075,0.0,30.18,102.0,4.0
140.71428571428572,16.908,6488.285714285714,0.4285714285714285,27.96,157.0,2.571428571428571
83.66666666666667,11.059,3695.8096666666665,0.3333333333333333,19.174,187.0,3.0
39.25,16.687,1290.647,0.25,25.559,162.0,4.125
41.375,11.871,1087.522,0.25,30.96,201.0,3.75
152.25,14.32,4766.0,0.5,25.04,230.0,2.0
128.0,15.035,758.0836666666668,0.6666666666666666,47.448,160.0,1.0
105.25,18.828,809.4645,0.5,28.447,152.0,2.25
140.0,16.53,6875.285714285714,0.5714285714285714,25.3,172.0,2.571428571428571
131.33333333333331,17.964,3166.0,0.6666666666666666,30.18,152.0,1.0
105.6,15.035,1087.3004,0.6000000000000001,47.448,160.0,1.2
115.75,18.869,2070.2145,0.5,28.03,180.0,2.25
98.8,29.601,172.3076,0.2,45.72,230.0,3.0
33.75,16.5,1786.272,0.25,30.96,140.0,3.75
114.14285714285714,20.292,6418.571428571428,0.4285714285714285,34.83,135.0,2.2857142857142856
95.8,14.632,2956.8574,0.4,30.502,155.0,2.8
15.4,23.81,453.6604,0.0,39.611,77.0,4.4
135.5,12.8,5778.25,0.5,24.76,162.0,2.0
183.0,16.908,2245.714285714286,0.7142857142857142,30.18,230.0,0.8571428571428571
171.75,16.53,5120.75,1.0,25.3,180.0,1.0
35.875,16.5,1975.022,0.25,30.96,157.0,3.75
50.66666666666666,18.759,7198.0,0.3333333333333333,33.0,152.0,3.333333333333333
36.875,14.632,1807.522,0.25,30.502,155.0,4.0
32.375,18.633,2028.397,0.25,28.351,144.0,4.125
161.5,16.687,2954.5,1.0,25.559,180.0,0.75
112.0,19.131,1964.7755714285715,0.5714285714285714,33.0,180.0,2.0
128.14285714285714,16.908,5676.285714285714,0.4285714285714285,30.71,157.0,2.571428571428571
116.875,20.292,6406.25,0.5,34.83,145.0,2.0
125.25,20.521,5039.7145,0.5,45.72,230.0,2.0
91.8,18.633,1253.2574000000002,0.4,28.351,152.0,3.0
125.25,14.65,1944.375,0.5,29.31,152.0,2.0
50.8,18.168,1782.2075599999998,0.2,35.17,126.0,1.6
41.5,19.725,336.147,0.125,30.18,230.0,4.125
35.25,17.964,2396.647,0.25,32.93,142.0,3.75
87.6,15.028,2644.8176000000003,0.4,31.943,264.0,3.4
37.75,15.035,1721.397,0.25,32.93,160.0,3.75
174.25,11.059,4870.5,0.5,19.174,230.0,2.0
132.75,14.65,6187.5,0.5,29.31,172.0,2.375
118.5,11.871,2010.31275,0.5,33.0,201.0,2.0
55.44444444444444,14.632,3446.686222222222,0.3333333333333333,29.829,172.0,3.7777777777777777
151.0,20.51,2925.75,0.5,30.71,264.0,2.25
167.4,11.871,2886.2502,0.8,25.559,201.0,1.2
95.0,29.601,243.02725,0.25,47.448,180.0,2.75
133.5,16.687,2828.7145,0.5,25.559,244.0,2.75
75.0,10.004,809.05394,0.4,122.451,223.0,0.0
43.125,18.633,824.147,0.25,28.351,230.0,4.125
89.0,11.871,617.4176,0.4,40.0,244.0,3.0
116.25,11.03,2626.7145,0.5,30.651,212.0,2.0
175.0,16.53,4897.666666666667,1.0,25.3,230.0,1.0
102.57142857142856,11.871,2819.5714285714284,0.5714285714285714,28.351,201.0,2.571428571428571
129.57142857142856,11.871,1016.2504285714286,0.4285714285714285,37.93,201.0,1.4285714285714286
108.25,11.03,1223.1255,0.25,43.6,212.0,2.0
147.0,19.725,3169.75,0.75,30.18,180.0,0.75
99.0,23.81,518.357,0.5,39.611,244.0,2.5
105.4,16.53,1533.8574,0.4,25.3,180.0,3.0
79.6,14.65,3469.8,0.4,29.31,264.0,3.0
175.8,18.563,7056.4,0.6000000000000001,27.96,230.0,1.6
66.88888888888889,13.58,693.1426666666666,0.3333333333333333,27.491,230.0,3.333333333333333
33.375,18.633,784.022,0.25,28.351,152.0,4.125
72.8,14.65,1394.2176,0.4,29.31,230.0,3.0
118.22222222222224,13.58,1192.5716666666667,0.4444444444444444,27.491,230.0,2.2222222222222223
104.0,23.81,335.334875,0.625,39.611,152.0,1.625
149.0,11.871,6060.8,1.0,28.351,201.0,1.2
165.2,15.64,2890.8,0.6000000000000001,33.667,244.0,1.6
92.57142857142856,15.035,686.9691428571429,0.4285714285714285,40.0,244.0,2.857142857142857
148.57142857142856,19.131,2287.061285714285,0.5714285714285714,33.0,244.0,2.0
62.0,11.03,1958.948822222222,0.3333333333333333,28.47,212.0,0.0
141.25,12.24,2340.0,0.5,20.52,180.0,2.0
84.4,19.131,1160.0574,0.2,33.0,230.0,3.4
175.75,12.24,4621.0,0.5,20.52,244.0,2.0
167.0,18.563,6488.0,0.6000000000000001,30.82,230.0,1.6
166.2,11.871,3684.0,1.0,25.3,201.0,1.2
71.33333333333333,15.934,1011.1426666666666,0.2222222222222222,34.22,264.0,3.555555555555556
42.875,11.871,758.397,0.25,27.491,201.0,3.75
43.125,18.633,824.147,0.25,28.351,230.0,4.125
96.44444444444444,15.028,2749.1748888888887,0.3333333333333333,25.3,174.0,3.555555555555556
101.5,20.51,4099.2145,0.5,30.71,144.0,2.25
155.4,11.871,1294.8502,0.6,30.18,201.0,1.2
66.33333333333334,21.8,4605.777777777777,0.3333333333333333,36.0,230.0,3.333333333333333
39.0,14.632,1996.272,0.25,30.502,157.0,4.0
148.2,10.004,4891.2,0.6000000000000001,30.18,223.0,1.2
170.6,10.004,4076.0,1.0,25.3,223.0,1.2
105.6,25.1,376.9076,0.2,47.448,264.0,3.0
70.66666666666667,11.03,2523.898666666667,0.3333333333333333,33.0,212.0,3.333333333333333
123.5,12.8,3956.25,0.5,24.76,162.0,2.0
35.125,14.632,2028.522,0.25,30.502,155.0,4.0
143.8,11.871,4499.2,0.6000000000000001,30.18,201.0,1.2
163.66666666666669,20.521,8325.0,0.6666666666666666,30.82,230.0,1.3333333333333333
84.19999999999999,16.908,2106.8176000000003,0.4,37.48,264.0,3.0
94.75,16.18,4199.2145,0.5,30.651,126.0,2.0
186.0,18.633,4058.857142857143,1.0,28.351,230.0,0.8571428571428571
78.69999999999999,11.059,615.8327,0.1,19.174,187.0,3.3
117.14285714285714,17.964,3826.857142857143,0.4285714285714285,30.71,140.0,2.571428571428571
140.66666666666666,13.58,6701.333333333334,1.0,25.3,155.0,1.0
153.33333333333331,12.24,6692.333333333334,1.0,20.52,179.0,1.0
111.6,18.168,1996.1716,0.6000000000000001,35.17,152.0,1.6
68.88888888888889,15.64,1171.575111111111,0.3333333333333333,33.667,244.0,3.333333333333333
31.75,19.725,296.022,0.125,30.18,152.0,4.125
46.2,23.33,393.8572,0.0,34.83,103.0,4.4
75.33333333333333,16.687,4300.476333333333,0.3333333333333333,25.559,162.0,4.0
188.75,18.633,2101.75,1.0,28.351,230.0,0.75
101.5,20.292,2364.4645,0.5,36.83,152.0,2.0
74.33333333333333,19.725,714.786,0.0,30.18,102.0,3.333333333333333
128.4,11.059,3706.9716,0.4,19.174,187.0,2.4000000000000004
71.33333333333334,13.58,1503.8216666666665,0.3333333333333333,27.491,142.0,2.666666666666667
150.14285714285714,10.004,5754.0,0.4285714285714285,27.96,223.0,2.571428571428571
66.44444444444444,16.345,600.464,0.2222222222222222,33.492,244.0,3.555555555555556
94.33333333333334,23.33,976.0299666666668,0.3333333333333333,34.83,180.0,1.3333333333333333
166.6,18.563,5614.8,0.6000000000000001,34.83,244.0,1.6
103.5,14.65,1661.9645,0.5,29.31,152.0,2.0
176.25,19.725,5708.75,0.75,30.18,230.0,0.75
179.20000000000002,10.004,3445.6502,0.8,25.3,223.0,1.2
76.5,18.633,1365.4526666666666,0.1666666666666666,28.351,115.0,3.333333333333333
159.20000000000002,21.8,1543.4858000000002,0.6,36.0,244.0,1.8
118.85714285714286,18.759,4740.285714285714,0.4285714285714285,30.71,152.0,2.571428571428571
169.0,18.633,5686.5,1.0,28.351,230.0,0.75
186.66666666666663,11.871,2936.333333333333,1.0,28.351,244.0,1.0
128.66666666666666,15.934,5922.222222222223,0.2222222222222222,27.96,140.0,3.333333333333333
141.0,14.32,7713.666666666666,1.0,25.04,155.0,1.0
98.42857142857142,11.871,659.1942285714285,0.4285714285714285,40.0,244.0,0.0
97.2,14.65,1570.4574,0.4,29.31,160.0,2.4
109.4,10.004,2196.8574,0.4,33.667,223.0,2.4
35.125,18.563,4140.397,0.25,32.93,142.0,3.75
122.0,16.5,2898.75,0.5,30.96,152.0,2.0
96.5,18.08,5343.2145,0.5,31.06,132.0,2.0
67.0,11.871,517.7679666666666,0.3333333333333333,39.611,201.0,1.6666666666666667
175.0,16.53,4897.666666666667,1.0,25.3,230.0,1.0
121.0,20.51,5078.5,0.5,30.71,144.0,2.25
169.00000000000003,11.03,3108.333333333333,1.0,28.351,212.0,1.0
126.25,18.869,5430.0,0.5,28.03,155.0,2.25
188.3333333333333,10.004,4752.666666666667,1.0,25.559,223.0,1.0
74.33333333333333,10.004,2816.696633333333,0.3333333333333333,33.0,223.0,1.6666666666666667
141.60000000000002,19.63,3575.8,0.6000000000000001,32.93,180.0,1.6
102.25,18.869,4058.2145,0.5,28.03,155.0,2.25
139.25,18.828,3326.5,0.5,28.447,180.0,2.25
143.25,18.6,3928.75,0.5,27.96,152.0,2.25
50.75,16.687,1415.272,0.25,25.559,244.0,4.125
158.83333333333334,11.059,3524.166666666667,1.0,19.174,187.0,1.0
108.25,12.24,3348.7145,0.5,20.52,179.0,2.0
65.77777777777779,15.64,1021.3528888888889,0.3333333333333333,33.667,230.0,3.333333333333333
166.4,18.633,5037.8,1.0,28.351,230.0,1.2
150.0,12.8,7224.333333333334,1.0,24.76,162.0,1.0
110.75,15.035,3005.1255,0.5,27.16,160.0,1.5
70.0,19.63,1677.4640000000002,0.3333333333333333,32.93,244.0,3.333333333333333
124.0,11.03,1315.335225,0.5,43.6,212.0,0.75
85.66666666666666,16.908,2234.7304444444444,0.3333333333333333,28.351,157.0,3.333333333333333
76.22222222222223,14.925,1897.575111111111,0.3333333333333333,23.32,264.0,3.333333333333333
74.11111111111111,18.563,6054.222222222223,0.3333333333333333,33.0,264.0,3.333333333333333
48.66666666666667,14.65,798.9084444444445,0.3333333333333333,29.31,152.0,3.333333333333333
176.5,19.725,3506.25,0.75,30.18,230.0,0.75
55.44444444444444,18.563,2558.504377777778,0.3333333333333333,71.641,180.0,0.0
69.66666666666667,18.563,2684.9084444444443,0.3333333333333333,40.0,244.0,3.333333333333333
141.25,18.6,6417.5,0.5,27.96,144.0,2.25
129.42857142857144,18.759,5458.571428571428,0.4285714285714285,28.447,152.0,2.571428571428571
109.5,16.5,2027.7145,0.5,30.96,180.0,2.0
100.66666666666666,16.687,6986.666666666667,0.3333333333333333,25.559,162.0,4.0
166.75,11.059,4329.0,0.5,19.174,244.0,2.0
62.4,15.64,1689.5284,0.4,33.667,180.0,3.0
159.25,11.059,2899.5,0.5,19.174,244.0,2.0
41.625,10.004,731.272,0.125,33.492,223.0,4.0
103.8,16.53,3710.2574,0.4,25.3,172.0,3.2
70.66666666666667,11.03,877.7679666666666,0.3333333333333333,39.611,212.0,1.6666666666666667
65.11111111111111,18.168,1181.130666666667,0.3333333333333333,35.17,230.0,3.333333333333333
134.14285714285714,16.908,6078.0,0.4285714285714285,28.03,157.0,2.571428571428571
46.75,11.059,3096.522475,0.25,19.174,187.0,2.5
150.75,16.53,4564.25,1.0,25.3,155.0,0.75
187.8,20.521,4779.4858,0.8,40.0,244.0,0.8
180.0,14.632,4954.333333333334,1.0,25.3,230.0,1.6666666666666663
